{"number_episodes": 12, "episode_rewards": [911.1999999999824, 925.3999999999833, 910.4999999999919, 911.89999999998, 919.099999999986, 934.8999999999932, 924.8999999999871, 863.3999999999719, 916.4999999999881, 913.7999999999838, 923.0999999999942, 911.4999999999824], "mean_all_episodes": 913.8499999999852, "std_all_episodes": 16.811528782361105}