{"episode_rewards": [-69.32622950819712, 3.111340206186213, -54.9388888888888], "mean": -40.3845927302999, "std": 31.31209594853585}