{"episode_rewards": [22.261728395062363, -63.84890965732128, 55.54731861198968], "mean": 4.653379116576922, "std": 50.308417483023035}