{"episode_rewards": [215.2542372881299, 224.9999999999915, 334.7826086956352, 535.2201257861457, 211.42857142857682, 36.51877133106128, 207.9584775086469, 337.9562043795457, 693.2330827067465, 175.96439169139992, 461.2244897959026, 342.90657439444703, 274.5318352059952, 684.6715328466969, 284.87972508589365], "mean": 334.76870854298767, "std": 179.83189270005633}